Model,Threshold,Num_Images,TP,FP,TN,FN,Precision,Recall,Specificity,F1_Score,Accuracy,IoU,Dice
deeplabv3_data100,0.3,942,361,15538,903064,4614,0.022705830555380842,0.07256281407035176,0.9830851663723789,0.0345884832806362,0.9781804873876244,0.017598596012284893,0.0345884832806362
deeplabv3_data100,0.5,942,359,15391,903211,4616,0.022793650793650793,0.0721608040201005,0.9832451921506812,0.03464414957780458,0.9783374856671399,0.017627418246096434,0.03464414957780458
deeplabv3_data100,0.7,942,353,14999,903603,4622,0.022993746743095362,0.07095477386934673,0.9836719275594872,0.034732129679736316,0.9787554259146773,0.017672974867327527,0.03473212967973631
deeplabv3_data25,0.3,942,210,10441,908161,4765,0.0197164585484931,0.04221105527638191,0.9886338152975935,0.026878279790093437,0.9835357528392327,0.013622210690192009,0.026878279790093433
deeplabv3_data25,0.5,942,209,10344,908258,4766,0.019804794845067752,0.04201005025125628,0.9887394105390582,0.02691911385883565,0.9836396965277394,0.013643188197663032,0.026919113858835653
deeplabv3_data25,0.7,942,206,10107,908495,4769,0.01997478910113449,0.041407035175879396,0.988997411283668,0.02694924123495552,0.9838930592684746,0.013658665959421827,0.02694924123495552
deeplabv3_data50,0.3,942,460,29176,889426,4515,0.015521662842488865,0.09246231155778895,0.9682386931445828,0.026581144722775996,0.9635211790679066,0.013469590934379667,0.026581144722775996
deeplabv3_data50,0.5,942,454,28843,889759,4521,0.015496467215073216,0.09125628140703518,0.9686012005199205,0.02649393090569561,0.9638752372568827,0.013424803359157845,0.02649393090569561
deeplabv3_data50,0.7,942,437,28072,890530,4538,0.01532849275667333,0.0878391959798995,0.9694405193979547,0.026102018874686415,0.9646916283103628,0.01322359064362877,0.026102018874686418
deeplabv3_data75,0.3,942,528,19330,899272,4447,0.02658878034041696,0.10613065326633166,0.978957154458623,0.04252406072564732,0.9742555303997392,0.02172392511828842,0.04252406072564732
deeplabv3_data75,0.5,942,523,19144,899458,4452,0.02659276961407434,0.10512562814070352,0.9791596360556585,0.04244785325866407,0.9744515075624447,0.02168414942576392,0.04244785325866407
deeplabv3_data75,0.7,942,520,18623,899979,4455,0.027163976388235908,0.10452261306532663,0.9797268022495053,0.04312132017580231,0.9750123703816791,0.022035765742859564,0.04312132017580231
deeplabv3_resnet101,0.3,942,552,14064,904538,4423,0.03776683087027915,0.11095477386934674,0.9846897785983484,0.056352406717370226,0.9799832607351634,0.028993119386522402,0.05635240671737022
deeplabv3_resnet101,0.5,942,549,13902,904700,4426,0.037990450487855515,0.11035175879396984,0.9848661335377018,0.05652218676001237,0.9801554174692527,0.029083011071674523,0.056522186760012354
deeplabv3_resnet101,0.7,942,537,13513,905089,4438,0.03822064056939502,0.10793969849246231,0.9852896031142976,0.056452036793692505,0.9805636129959927,0.02904586758978797,0.05645203679369251
deeplabv3_resnet50,0.3,942,408,16263,902339,4567,0.024473636854417852,0.08201005025125628,0.9822959235882351,0.03769749607317749,0.9774463850875454,0.019210848479141163,0.037697496073177496
deeplabv3_resnet50,0.5,942,404,16062,902540,4571,0.0245354062917527,0.08120603015075377,0.9825147343463219,0.03768480947716991,0.9776596861983354,0.019204259162428104,0.03768480947716991
deeplabv3_resnet50,0.7,942,390,15681,902921,4585,0.024267313795034533,0.07839195979899498,0.9829294950370236,0.037061674427444645,0.9780570542575227,0.018880712625871418,0.037061674427444645
unet_resnet50_bce_dice,0.3,942,40,1025,917577,4935,0.03755868544600939,0.008040201005025126,0.9988841739948313,0.013245033112582783,0.9935468293385392,0.006666666666666667,0.013245033112582781
unet_resnet50_bce_dice,0.5,942,40,1010,917592,4935,0.0380952380952381,0.008040201005025126,0.9989005031558825,0.013278008298755188,0.9935630705398684,0.006683375104427736,0.013278008298755186
unet_resnet50_bce_dice,0.7,942,40,943,917659,4935,0.04069175991861648,0.008040201005025126,0.9989734400752448,0.01342732460557234,0.9936356145724721,0.006759040216289287,0.01342732460557234
unet_scratch_bce,0.3,942,0,0,918602,4975,0.0,0.0,1.0,0.0,0.9946133348924887,0.0,0.0
unet_scratch_bce,0.5,942,0,0,918602,4975,0.0,0.0,1.0,0.0,0.9946133348924887,0.0,0.0
unet_scratch_bce,0.7,942,0,0,918602,4975,0.0,0.0,1.0,0.0,0.9946133348924887,0.0,0.0
unet_scratch_bce_dice,0.3,942,0,0,918602,4975,0.0,0.0,1.0,0.0,0.9946133348924887,0.0,0.0
unet_scratch_bce_dice,0.5,942,0,0,918602,4975,0.0,0.0,1.0,0.0,0.9946133348924887,0.0,0.0
unet_scratch_bce_dice,0.7,942,0,0,918602,4975,0.0,0.0,1.0,0.0,0.9946133348924887,0.0,0.0
unet_scratch_dice,0.3,942,0,0,918602,4975,0.0,0.0,1.0,0.0,0.9946133348924887,0.0,0.0
unet_scratch_dice,0.5,942,0,0,918602,4975,0.0,0.0,1.0,0.0,0.9946133348924887,0.0,0.0
unet_scratch_dice,0.7,942,0,0,918602,4975,0.0,0.0,1.0,0.0,0.9946133348924887,0.0,0.0
unet_scratch_region_context,0.3,942,74,9783,908819,4901,0.007507355179060566,0.014874371859296482,0.989350121162375,0.009978425026968716,0.9841009466454882,0.005014229570402494,0.009978425026968716
unet_scratch_region_context,0.5,942,74,9636,908966,4901,0.007621009268795056,0.014874371859296482,0.9895101469406773,0.010078311201906706,0.9842601104185141,0.00506467729792622,0.010078311201906708
unet_scratch_region_context,0.7,942,71,8991,909611,4904,0.007834915029794748,0.014271356783919598,0.990212300865881,0.010116121678421316,0.984955233835403,0.005083774881855936,0.010116121678421314
unet_scratch_region_full,0.3,942,0,1770,916832,4975,0.0,0.0,0.9980731589959525,0.0,0.9926968731356455,0.0,0.0
unet_scratch_region_full,0.5,942,0,1714,916888,4975,0.0,0.0,0.9981341211972106,0.0,0.992757506953941,0.0,0.0
unet_scratch_region_full,0.7,942,0,1641,916961,4975,0.0,0.0,0.9982135897809933,0.0,0.9928365474670764,0.0,0.0
unet_scratch_region_tight,0.3,942,2568,241189,677413,2407,0.010535082069438005,0.5161809045226131,0.7374390650140105,0.020648730360387887,0.7362472214011393,0.01043206967712582,0.020648730360387887
unet_scratch_region_tight,0.5,942,2549,238944,679658,2426,0.010555171371426916,0.5123618090452261,0.7398829961180141,0.020684226755603163,0.7386574156783896,0.010450190432069663,0.02068422675560316
unet_scratch_region_tight,0.7,942,2523,234150,684452,2452,0.010660278105233803,0.5071356783919598,0.7451017959899935,0.020881612924584517,0.7438199522075583,0.01055096706743335,0.02088161292458452
